Field,BN,$a,SF2,Link
700,46,"Gaylord, Edwin Henry",1903-,http://catalogo.fi.uba.ar:8080/cgi-bin/koha/cataloguing/addbiblio.pl?biblionumber=46#tab7XX
700,61,"Eshbach, Ovid Wallace",1893-1958,http://catalogo.fi.uba.ar:8080/cgi-bin/koha/cataloguing/addbiblio.pl?biblionumber=61#tab7XX
700,203,"Martínez García, Guillermo",,http://catalogo.fi.uba.ar:8080/cgi-bin/koha/cataloguing/addbiblio.pl?biblionumber=203#tab7XX
700,235,"Frid, David",,http://catalogo.fi.uba.ar:8080/cgi-bin/koha/cataloguing/addbiblio.pl?biblionumber=235#tab7XX
700,334,"Tolosa, Juan J.",,http://catalogo.fi.uba.ar:8080/cgi-bin/koha/cataloguing/addbiblio.pl?biblionumber=334#tab7XX
710,513,Siemens Aktiengesellschaft,,http://catalogo.fi.uba.ar:8080/cgi-bin/koha/cataloguing/addbiblio.pl?biblionumber=513#tab7XX
710,514,Siemens Aktiengesellschaft,,http://catalogo.fi.uba.ar:8080/cgi-bin/koha/cataloguing/addbiblio.pl?biblionumber=514#tab7XX
710,515,Siemens Aktiengesellschaft,,http://catalogo.fi.uba.ar:8080/cgi-bin/koha/cataloguing/addbiblio.pl?biblionumber=515#tab7XX
700,588,"Urbina Medal, Edmundo Gerardo",,http://catalogo.fi.uba.ar:8080/cgi-bin/koha/cataloguing/addbiblio.pl?biblionumber=588#tab7XX
100,656,"Stevenson, William D.",,http://catalogo.fi.uba.ar:8080/cgi-bin/koha/cataloguing/addbiblio.pl?biblionumber=656#tab1XX
110,657,Shell,,http://catalogo.fi.uba.ar:8080/cgi-bin/koha/cataloguing/addbiblio.pl?biblionumber=657#tab1XX
710,866,International Buiness Machines Corp.,,http://catalogo.fi.uba.ar:8080/cgi-bin/koha/cataloguing/addbiblio.pl?biblionumber=866#tab7XX
710,935,Universidad de Buenos Aires,Universidad de Buenos Aires. Facultad de Ingeniería. Instituto de Geodesia. Cátedra de geodesia,http://catalogo.fi.uba.ar:8080/cgi-bin/koha/cataloguing/addbiblio.pl?biblionumber=935#tab7XX
710,936,Universidad de Buenos Aires. Facultad de Ingeniería. Instituto de Geodesia. Cátedra de Geodesia,,http://catalogo.fi.uba.ar:8080/cgi-bin/koha/cataloguing/addbiblio.pl?biblionumber=936#tab7XX
710,937,Universidad de Buenos Aires. Facultad de Ingeniería. Instituto de Geodesia. Cátedra de Geodesia,,http://catalogo.fi.uba.ar:8080/cgi-bin/koha/cataloguing/addbiblio.pl?biblionumber=937#tab7XX
710,938,Universidad de Buenos Aires. Facultad de Ingeniería. Instituto de Geodesia. Cátedra de Geodesia,,http://catalogo.fi.uba.ar:8080/cgi-bin/koha/cataloguing/addbiblio.pl?biblionumber=938#tab7XX
700,1010,"Naves Ruiz, Juan",,http://catalogo.fi.uba.ar:8080/cgi-bin/koha/cataloguing/addbiblio.pl?biblionumber=1010#tab7XX
700,1045,"Gallager, Robert",,http://catalogo.fi.uba.ar:8080/cgi-bin/koha/cataloguing/addbiblio.pl?biblionumber=1045#tab7XX
700,1060,"Tschlek, José",,http://catalogo.fi.uba.ar:8080/cgi-bin/koha/cataloguing/addbiblio.pl?biblionumber=1060#tab7XX
100,1304,"Oberg, Erick Valdemar",1881-,http://catalogo.fi.uba.ar:8080/cgi-bin/koha/cataloguing/addbiblio.pl?biblionumber=1304#tab1XX
700,1304,"Jones, Franklin D.",,http://catalogo.fi.uba.ar:8080/cgi-bin/koha/cataloguing/addbiblio.pl?biblionumber=1304#tab7XX
700,1305,"Maluquer Wahl, Juan J.",,http://catalogo.fi.uba.ar:8080/cgi-bin/koha/cataloguing/addbiblio.pl?biblionumber=1305#tab7XX
700,1345,"Vericat Raga, D. Juan B.",,http://catalogo.fi.uba.ar:8080/cgi-bin/koha/cataloguing/addbiblio.pl?biblionumber=1345#tab7XX
700,1370,"Chaussin, C.",,http://catalogo.fi.uba.ar:8080/cgi-bin/koha/cataloguing/addbiblio.pl?biblionumber=1370#tab7XX
100,1632,"Müller, J.",,http://catalogo.fi.uba.ar:8080/cgi-bin/koha/cataloguing/addbiblio.pl?biblionumber=1632#tab1XX
710,1702,Universidad de Buenos Aires,Universidad de Buenos Aires. Facultad de Ingeniería,http://catalogo.fi.uba.ar:8080/cgi-bin/koha/cataloguing/addbiblio.pl?biblionumber=1702#tab7XX
110,1755,Shell,,http://catalogo.fi.uba.ar:8080/cgi-bin/koha/cataloguing/addbiblio.pl?biblionumber=1755#tab1XX
100,1798,"Gere, James Monroe",,http://catalogo.fi.uba.ar:8080/cgi-bin/koha/cataloguing/addbiblio.pl?biblionumber=1798#tab1XX
710,1942,Argentina. Ministerio de Obras Públicas,,http://catalogo.fi.uba.ar:8080/cgi-bin/koha/cataloguing/addbiblio.pl?biblionumber=1942#tab7XX
700,1999,"Coro Pando, Julio",,http://catalogo.fi.uba.ar:8080/cgi-bin/koha/cataloguing/addbiblio.pl?biblionumber=1999#tab7XX
710,2269,Siemens Aktiengesellschaft,,http://catalogo.fi.uba.ar:8080/cgi-bin/koha/cataloguing/addbiblio.pl?biblionumber=2269#tab7XX
710,2270,Siemens Aktiengesellschaft,,http://catalogo.fi.uba.ar:8080/cgi-bin/koha/cataloguing/addbiblio.pl?biblionumber=2270#tab7XX
100,2331,"Gaylord, Edwin Henry",1903-,http://catalogo.fi.uba.ar:8080/cgi-bin/koha/cataloguing/addbiblio.pl?biblionumber=2331#tab1XX
100,2413,"Williams, J.",,http://catalogo.fi.uba.ar:8080/cgi-bin/koha/cataloguing/addbiblio.pl?biblionumber=2413#tab1XX
100,2415,"Niven, Ivan",,http://catalogo.fi.uba.ar:8080/cgi-bin/koha/cataloguing/addbiblio.pl?biblionumber=2415#tab1XX
100,2444,"Gere, James Monroe",,http://catalogo.fi.uba.ar:8080/cgi-bin/koha/cataloguing/addbiblio.pl?biblionumber=2444#tab1XX
100,2467,"Toranzos, Fausto A.",,http://catalogo.fi.uba.ar:8080/cgi-bin/koha/cataloguing/addbiblio.pl?biblionumber=2467#tab1XX
700,2596,"Di Nápoli, Nilda",,http://catalogo.fi.uba.ar:8080/cgi-bin/koha/cataloguing/addbiblio.pl?biblionumber=2596#tab7XX
100,2674,"Klein, J.",,http://catalogo.fi.uba.ar:8080/cgi-bin/koha/cataloguing/addbiblio.pl?biblionumber=2674#tab1XX
700,2756,"Corona Rodríguez de Contín, Hortensia",,http://catalogo.fi.uba.ar:8080/cgi-bin/koha/cataloguing/addbiblio.pl?biblionumber=2756#tab7XX
710,2769,Argentina. Consejo Federal de Inversiones,,http://catalogo.fi.uba.ar:8080/cgi-bin/koha/cataloguing/addbiblio.pl?biblionumber=2769#tab7XX
100,2848,"García, Roberto",,http://catalogo.fi.uba.ar:8080/cgi-bin/koha/cataloguing/addbiblio.pl?biblionumber=2848#tab1XX
100,2937,"Hoüel, Jules",1823-1886,http://catalogo.fi.uba.ar:8080/cgi-bin/koha/cataloguing/addbiblio.pl?biblionumber=2937#tab1XX
100,3012,"Scheuer, Walter",,http://catalogo.fi.uba.ar:8080/cgi-bin/koha/cataloguing/addbiblio.pl?biblionumber=3012#tab1XX
700,3030,"Cansado, Enrique",,http://catalogo.fi.uba.ar:8080/cgi-bin/koha/cataloguing/addbiblio.pl?biblionumber=3030#tab7XX
110,3067,Siemens Aktiengesellschaft,,http://catalogo.fi.uba.ar:8080/cgi-bin/koha/cataloguing/addbiblio.pl?biblionumber=3067#tab1XX
110,3118,Van Valkenburgh Nooger & Neville,,http://catalogo.fi.uba.ar:8080/cgi-bin/koha/cataloguing/addbiblio.pl?biblionumber=3118#tab1XX
100,3182,"Butty, Enrique",1887-,http://catalogo.fi.uba.ar:8080/cgi-bin/koha/cataloguing/addbiblio.pl?biblionumber=3182#tab1XX
100,3206,"Schleisinger, Georg",1874-1949,http://catalogo.fi.uba.ar:8080/cgi-bin/koha/cataloguing/addbiblio.pl?biblionumber=3206#tab1XX
100,3268,"Stephenson, Richard",,http://catalogo.fi.uba.ar:8080/cgi-bin/koha/cataloguing/addbiblio.pl?biblionumber=3268#tab1XX
700,3294,"Coro Pando, Julio",,http://catalogo.fi.uba.ar:8080/cgi-bin/koha/cataloguing/addbiblio.pl?biblionumber=3294#tab7XX
700,3387,"Robledo Moncada, Emilio",,http://catalogo.fi.uba.ar:8080/cgi-bin/koha/cataloguing/addbiblio.pl?biblionumber=3387#tab7XX
650,3490,TRANSFERENCIA DE CALOR?,,http://catalogo.fi.uba.ar:8080/cgi-bin/koha/cataloguing/addbiblio.pl?biblionumber=3490#tab6XX
700,3607,"T. de Goldschvartz, Raquel",,http://catalogo.fi.uba.ar:8080/cgi-bin/koha/cataloguing/addbiblio.pl?biblionumber=3607#tab7XX
110,3618,L & C. Steinmuller,,http://catalogo.fi.uba.ar:8080/cgi-bin/koha/cataloguing/addbiblio.pl?biblionumber=3618#tab1XX
110,3649,Siemens Aktiengesellschaft,,http://catalogo.fi.uba.ar:8080/cgi-bin/koha/cataloguing/addbiblio.pl?biblionumber=3649#tab1XX
700,3650,"T. de Goldschvartz, Raquel",,http://catalogo.fi.uba.ar:8080/cgi-bin/koha/cataloguing/addbiblio.pl?biblionumber=3650#tab7XX
100,3711,"Fliess, Enrique Dittmar Angel",,http://catalogo.fi.uba.ar:8080/cgi-bin/koha/cataloguing/addbiblio.pl?biblionumber=3711#tab1XX
100,3762,"Oberg, Erick Valdemar",1881-,http://catalogo.fi.uba.ar:8080/cgi-bin/koha/cataloguing/addbiblio.pl?biblionumber=3762#tab1XX
700,3762,"Jones, Franklin D.",,http://catalogo.fi.uba.ar:8080/cgi-bin/koha/cataloguing/addbiblio.pl?biblionumber=3762#tab7XX
700,3777,"Lloret Sabastián, José L.",,http://catalogo.fi.uba.ar:8080/cgi-bin/koha/cataloguing/addbiblio.pl?biblionumber=3777#tab7XX
700,3942,"Corona Rodríguez de Contín, Hortensia",,http://catalogo.fi.uba.ar:8080/cgi-bin/koha/cataloguing/addbiblio.pl?biblionumber=3942#tab7XX
700,3943,"Bosch Tejada, Antonio",,http://catalogo.fi.uba.ar:8080/cgi-bin/koha/cataloguing/addbiblio.pl?biblionumber=3943#tab7XX
110,3983,Siemens Aktiengesellschaft,,http://catalogo.fi.uba.ar:8080/cgi-bin/koha/cataloguing/addbiblio.pl?biblionumber=3983#tab1XX
700,4001,"Rodríguez Ramírez, Francisco",,http://catalogo.fi.uba.ar:8080/cgi-bin/koha/cataloguing/addbiblio.pl?biblionumber=4001#tab7XX
100,4013,"García López, M.",,http://catalogo.fi.uba.ar:8080/cgi-bin/koha/cataloguing/addbiblio.pl?biblionumber=4013#tab1XX
100,4031,"Butty, Enrique",1887-,http://catalogo.fi.uba.ar:8080/cgi-bin/koha/cataloguing/addbiblio.pl?biblionumber=4031#tab1XX
100,4285,"Torrey, M.",,http://catalogo.fi.uba.ar:8080/cgi-bin/koha/cataloguing/addbiblio.pl?biblionumber=4285#tab1XX
650,4285,ZUMOS DE FRUTAS,,http://catalogo.fi.uba.ar:8080/cgi-bin/koha/cataloguing/addbiblio.pl?biblionumber=4285#tab6XX
650,4289,ZUMOS DE FRUTAS,,http://catalogo.fi.uba.ar:8080/cgi-bin/koha/cataloguing/addbiblio.pl?biblionumber=4289#tab6XX
710,4300,Babcock & Wilcox,,http://catalogo.fi.uba.ar:8080/cgi-bin/koha/cataloguing/addbiblio.pl?biblionumber=4300#tab7XX
100,4326,"Sykes, G.",,http://catalogo.fi.uba.ar:8080/cgi-bin/koha/cataloguing/addbiblio.pl?biblionumber=4326#tab1XX
100,4525,"Sabato, Jorge A.",,http://catalogo.fi.uba.ar:8080/cgi-bin/koha/cataloguing/addbiblio.pl?biblionumber=4525#tab1XX
110,4536,Argentina. Presidencia de la Nación,,http://catalogo.fi.uba.ar:8080/cgi-bin/koha/cataloguing/addbiblio.pl?biblionumber=4536#tab1XX
100,4666,"Gere, James Monroe",,http://catalogo.fi.uba.ar:8080/cgi-bin/koha/cataloguing/addbiblio.pl?biblionumber=4666#tab1XX
700,4865,"Ballou, Donald H.",1937-,http://catalogo.fi.uba.ar:8080/cgi-bin/koha/cataloguing/addbiblio.pl?biblionumber=4865#tab7XX
700,4982,"Rodríguez, Martín",,http://catalogo.fi.uba.ar:8080/cgi-bin/koha/cataloguing/addbiblio.pl?biblionumber=4982#tab7XX
710,5016,Naciones Unidas.Comisión Económica para América Latina y el Caribe,,http://catalogo.fi.uba.ar:8080/cgi-bin/koha/cataloguing/addbiblio.pl?biblionumber=5016#tab7XX
100,5033,"Kraus, John Daniel",1910-,http://catalogo.fi.uba.ar:8080/cgi-bin/koha/cataloguing/addbiblio.pl?biblionumber=5033#tab1XX
110,5064,Siemens Aktiengesellschaft,,http://catalogo.fi.uba.ar:8080/cgi-bin/koha/cataloguing/addbiblio.pl?biblionumber=5064#tab1XX
110,5067,Siemens Aktiengesellschaft,,http://catalogo.fi.uba.ar:8080/cgi-bin/koha/cataloguing/addbiblio.pl?biblionumber=5067#tab1XX
100,5106,"Kahn, Peter B.",,http://catalogo.fi.uba.ar:8080/cgi-bin/koha/cataloguing/addbiblio.pl?biblionumber=5106#tab1XX
100,5319,Chapp,,http://catalogo.fi.uba.ar:8080/cgi-bin/koha/cataloguing/addbiblio.pl?biblionumber=5319#tab1XX
110,5365,Shell,,http://catalogo.fi.uba.ar:8080/cgi-bin/koha/cataloguing/addbiblio.pl?biblionumber=5365#tab1XX
110,5503,Siemens Aktiengesellschaft,,http://catalogo.fi.uba.ar:8080/cgi-bin/koha/cataloguing/addbiblio.pl?biblionumber=5503#tab1XX
110,5571,Buenos Aires. Universidad. Facultad de Ingeniería,,http://catalogo.fi.uba.ar:8080/cgi-bin/koha/cataloguing/addbiblio.pl?biblionumber=5571#tab1XX
110,5690,Universidad de Buenos Aires. Facultad de ingeniería. Instituto de ingeniería sanitaria,,http://catalogo.fi.uba.ar:8080/cgi-bin/koha/cataloguing/addbiblio.pl?biblionumber=5690#tab1XX
100,5718,"Dunlop, John",,http://catalogo.fi.uba.ar:8080/cgi-bin/koha/cataloguing/addbiblio.pl?biblionumber=5718#tab1XX
700,5786,"Ruiz Azuara, Lena",,http://catalogo.fi.uba.ar:8080/cgi-bin/koha/cataloguing/addbiblio.pl?biblionumber=5786#tab7XX
710,5792,Siemens Aktiengesellschaft,,http://catalogo.fi.uba.ar:8080/cgi-bin/koha/cataloguing/addbiblio.pl?biblionumber=5792#tab7XX
700,5944,"Sanguino Muñoz, Doroteo",,http://catalogo.fi.uba.ar:8080/cgi-bin/koha/cataloguing/addbiblio.pl?biblionumber=5944#tab7XX
100,5955,"Gray, W. S.",,http://catalogo.fi.uba.ar:8080/cgi-bin/koha/cataloguing/addbiblio.pl?biblionumber=5955#tab1XX
110,6181,Argentina. Consejo Federal de Inversiones,,http://catalogo.fi.uba.ar:8080/cgi-bin/koha/cataloguing/addbiblio.pl?biblionumber=6181#tab1XX
700,6233,"Kibbey, Donald E.",,http://catalogo.fi.uba.ar:8080/cgi-bin/koha/cataloguing/addbiblio.pl?biblionumber=6233#tab7XX
700,6236,"Llamas Jimeno y Campo, Amaury",,http://catalogo.fi.uba.ar:8080/cgi-bin/koha/cataloguing/addbiblio.pl?biblionumber=6236#tab7XX
700,6236,"Veloza Cantor, Elías",,http://catalogo.fi.uba.ar:8080/cgi-bin/koha/cataloguing/addbiblio.pl?biblionumber=6236#tab7XX
100,6255,"Williams, J.",,http://catalogo.fi.uba.ar:8080/cgi-bin/koha/cataloguing/addbiblio.pl?biblionumber=6255#tab1XX
100,6271,"Kretzmann, R.",,http://catalogo.fi.uba.ar:8080/cgi-bin/koha/cataloguing/addbiblio.pl?biblionumber=6271#tab1XX
100,6311,"Maron, Isaac Abramovich",,http://catalogo.fi.uba.ar:8080/cgi-bin/koha/cataloguing/addbiblio.pl?biblionumber=6311#tab1XX
100,6413,"De Garmo, Ernest Paul",1907-,http://catalogo.fi.uba.ar:8080/cgi-bin/koha/cataloguing/addbiblio.pl?biblionumber=6413#tab1XX
100,6455,"Atkinson, Lee",,http://catalogo.fi.uba.ar:8080/cgi-bin/koha/cataloguing/addbiblio.pl?biblionumber=6455#tab1XX
100,6459,"Kendall, Maurice george",1907-,http://catalogo.fi.uba.ar:8080/cgi-bin/koha/cataloguing/addbiblio.pl?biblionumber=6459#tab1XX
100,6481,"González, Hernán",,http://catalogo.fi.uba.ar:8080/cgi-bin/koha/cataloguing/addbiblio.pl?biblionumber=6481#tab1XX
100,6681,"Fontela, Carlos Moisés",,http://catalogo.fi.uba.ar:8080/cgi-bin/koha/cataloguing/addbiblio.pl?biblionumber=6681#tab1XX
100,6694,"Fontela, Carlos Moisés",,http://catalogo.fi.uba.ar:8080/cgi-bin/koha/cataloguing/addbiblio.pl?biblionumber=6694#tab1XX
110,6811,Universidad de Buenos Aires.Facultad de Ingeniería,,http://catalogo.fi.uba.ar:8080/cgi-bin/koha/cataloguing/addbiblio.pl?biblionumber=6811#tab1XX
100,6819,"Watson, W.",,http://catalogo.fi.uba.ar:8080/cgi-bin/koha/cataloguing/addbiblio.pl?biblionumber=6819#tab1XX
100,6824,"Chevalier, A.",,http://catalogo.fi.uba.ar:8080/cgi-bin/koha/cataloguing/addbiblio.pl?biblionumber=6824#tab1XX
700,6889,"Hernández Rangel, Francisco",,http://catalogo.fi.uba.ar:8080/cgi-bin/koha/cataloguing/addbiblio.pl?biblionumber=6889#tab7XX
700,7016,"Pérez Castellanos, Hernán",,http://catalogo.fi.uba.ar:8080/cgi-bin/koha/cataloguing/addbiblio.pl?biblionumber=7016#tab7XX
100,7028,"Keyser, Carl Anton",,http://catalogo.fi.uba.ar:8080/cgi-bin/koha/cataloguing/addbiblio.pl?biblionumber=7028#tab1XX
700,7028,"Corona Rodríguez de Contín, Hortensia",,http://catalogo.fi.uba.ar:8080/cgi-bin/koha/cataloguing/addbiblio.pl?biblionumber=7028#tab7XX
700,7107,"Corona Rodríguez de Contín, Hortensia",,http://catalogo.fi.uba.ar:8080/cgi-bin/koha/cataloguing/addbiblio.pl?biblionumber=7107#tab7XX
100,7120,"Kraus, John Daniel",1910-,http://catalogo.fi.uba.ar:8080/cgi-bin/koha/cataloguing/addbiblio.pl?biblionumber=7120#tab1XX
100,7139,"Kraus, John Daniel",1910-,http://catalogo.fi.uba.ar:8080/cgi-bin/koha/cataloguing/addbiblio.pl?biblionumber=7139#tab1XX
110,7362,Van Valkenburgh Nooger & Neville,,http://catalogo.fi.uba.ar:8080/cgi-bin/koha/cataloguing/addbiblio.pl?biblionumber=7362#tab1XX
700,7388,"Corral, Francisco Muñoz del",,http://catalogo.fi.uba.ar:8080/cgi-bin/koha/cataloguing/addbiblio.pl?biblionumber=7388#tab7XX
700,7400,"Corral, Francisco Muñoz del",,http://catalogo.fi.uba.ar:8080/cgi-bin/koha/cataloguing/addbiblio.pl?biblionumber=7400#tab7XX
700,7401,"Maluquer Wahl, Juan J.",,http://catalogo.fi.uba.ar:8080/cgi-bin/koha/cataloguing/addbiblio.pl?biblionumber=7401#tab7XX
100,7428,"Keyser, Carl Anton",,http://catalogo.fi.uba.ar:8080/cgi-bin/koha/cataloguing/addbiblio.pl?biblionumber=7428#tab1XX
700,7428,"Corona Rodríguez de Contín, Hortensia",,http://catalogo.fi.uba.ar:8080/cgi-bin/koha/cataloguing/addbiblio.pl?biblionumber=7428#tab7XX
700,7451,"Corral, Francisco Muñoz del",,http://catalogo.fi.uba.ar:8080/cgi-bin/koha/cataloguing/addbiblio.pl?biblionumber=7451#tab7XX
110,7468,Shell Compañía Argentina de Petróleo,,http://catalogo.fi.uba.ar:8080/cgi-bin/koha/cataloguing/addbiblio.pl?biblionumber=7468#tab1XX
700,7474,"Gere, James Monroe",,http://catalogo.fi.uba.ar:8080/cgi-bin/koha/cataloguing/addbiblio.pl?biblionumber=7474#tab7XX
700,7596,"Corona Rodríguez de Contín, Hortensia",,http://catalogo.fi.uba.ar:8080/cgi-bin/koha/cataloguing/addbiblio.pl?biblionumber=7596#tab7XX
700,7613,"Velázquez, Manuel",,http://catalogo.fi.uba.ar:8080/cgi-bin/koha/cataloguing/addbiblio.pl?biblionumber=7613#tab7XX
650,7653,SALUD AMBIENTAL,,http://catalogo.fi.uba.ar:8080/cgi-bin/koha/cataloguing/addbiblio.pl?biblionumber=7653#tab6XX
700,7682,"Calderón Gomez, Eduado",,http://catalogo.fi.uba.ar:8080/cgi-bin/koha/cataloguing/addbiblio.pl?biblionumber=7682#tab7XX
650,7697,SALUD AMBIENTAL,,http://catalogo.fi.uba.ar:8080/cgi-bin/koha/cataloguing/addbiblio.pl?biblionumber=7697#tab6XX
700,7731,"Keyser, Carl Anton",,http://catalogo.fi.uba.ar:8080/cgi-bin/koha/cataloguing/addbiblio.pl?biblionumber=7731#tab7XX
700,7762,"Karassik, Igor J.",1911,http://catalogo.fi.uba.ar:8080/cgi-bin/koha/cataloguing/addbiblio.pl?biblionumber=7762#tab7XX
700,7766,"Ross, J.",,http://catalogo.fi.uba.ar:8080/cgi-bin/koha/cataloguing/addbiblio.pl?biblionumber=7766#tab7XX
100,7784,"Mateo, José",,http://catalogo.fi.uba.ar:8080/cgi-bin/koha/cataloguing/addbiblio.pl?biblionumber=7784#tab1XX
700,7796,"García, Roberto M.",,http://catalogo.fi.uba.ar:8080/cgi-bin/koha/cataloguing/addbiblio.pl?biblionumber=7796#tab7XX
700,7958,"Buck, John A.",,http://catalogo.fi.uba.ar:8080/cgi-bin/koha/cataloguing/addbiblio.pl?biblionumber=7958#tab7XX
700,7962,"Fadeeva Sknarina, Sofía",,http://catalogo.fi.uba.ar:8080/cgi-bin/koha/cataloguing/addbiblio.pl?biblionumber=7962#tab7XX
700,8018,"Acosta C., Fernando",,http://catalogo.fi.uba.ar:8080/cgi-bin/koha/cataloguing/addbiblio.pl?biblionumber=8018#tab7XX
700,8196,"Flores Rojas, Misael",,http://catalogo.fi.uba.ar:8080/cgi-bin/koha/cataloguing/addbiblio.pl?biblionumber=8196#tab7XX
700,8214,"Reza, José Clemente",,http://catalogo.fi.uba.ar:8080/cgi-bin/koha/cataloguing/addbiblio.pl?biblionumber=8214#tab7XX
650,8347,FUNCIONES [MATEMATICAS],,http://catalogo.fi.uba.ar:8080/cgi-bin/koha/cataloguing/addbiblio.pl?biblionumber=8347#tab6XX
100,8422,"Schegliáiev, Andrei Vladimirivich",1902-1970,http://catalogo.fi.uba.ar:8080/cgi-bin/koha/cataloguing/addbiblio.pl?biblionumber=8422#tab1XX
700,8423,"Maluquer Wahl, Juan J.",,http://catalogo.fi.uba.ar:8080/cgi-bin/koha/cataloguing/addbiblio.pl?biblionumber=8423#tab7XX
100,8439,"Costes, Jean",,http://catalogo.fi.uba.ar:8080/cgi-bin/koha/cataloguing/addbiblio.pl?biblionumber=8439#tab1XX
700,8472,"Hernández Rramírez, Roberto",,http://catalogo.fi.uba.ar:8080/cgi-bin/koha/cataloguing/addbiblio.pl?biblionumber=8472#tab7XX
700,8472,"Montúfar Benítez, Marco Antonio",,http://catalogo.fi.uba.ar:8080/cgi-bin/koha/cataloguing/addbiblio.pl?biblionumber=8472#tab7XX
700,8512,"Pimentel Rogerio, Rubén",,http://catalogo.fi.uba.ar:8080/cgi-bin/koha/cataloguing/addbiblio.pl?biblionumber=8512#tab7XX
110,8519,Siemens Aktiengesellschaft,,http://catalogo.fi.uba.ar:8080/cgi-bin/koha/cataloguing/addbiblio.pl?biblionumber=8519#tab1XX
110,8583,Siemens Aktiengesellschaft,,http://catalogo.fi.uba.ar:8080/cgi-bin/koha/cataloguing/addbiblio.pl?biblionumber=8583#tab1XX
700,8606,"Tiscornia, Alejandro",,http://catalogo.fi.uba.ar:8080/cgi-bin/koha/cataloguing/addbiblio.pl?biblionumber=8606#tab7XX
700,8828,"González Lonzieme, Enrique",,http://catalogo.fi.uba.ar:8080/cgi-bin/koha/cataloguing/addbiblio.pl?biblionumber=8828#tab7XX
100,8899,"Paul, Richard P.",,http://catalogo.fi.uba.ar:8080/cgi-bin/koha/cataloguing/addbiblio.pl?biblionumber=8899#tab1XX
110,8944,Texas Instruments,,http://catalogo.fi.uba.ar:8080/cgi-bin/koha/cataloguing/addbiblio.pl?biblionumber=8944#tab1XX
650,8977,FUNCIONES [MATEMATICAS],,http://catalogo.fi.uba.ar:8080/cgi-bin/koha/cataloguing/addbiblio.pl?biblionumber=8977#tab6XX
700,9031,"De Olano, Douglas",,http://catalogo.fi.uba.ar:8080/cgi-bin/koha/cataloguing/addbiblio.pl?biblionumber=9031#tab7XX
110,9077,Shell,,http://catalogo.fi.uba.ar:8080/cgi-bin/koha/cataloguing/addbiblio.pl?biblionumber=9077#tab1XX
700,9103,"Dublanc, D. H.",,http://catalogo.fi.uba.ar:8080/cgi-bin/koha/cataloguing/addbiblio.pl?biblionumber=9103#tab7XX
700,9141,"Muro Ortega González, Luis",,http://catalogo.fi.uba.ar:8080/cgi-bin/koha/cataloguing/addbiblio.pl?biblionumber=9141#tab7XX
110,9272,"American Association of State Highway and Transportation Officials. Washington, D. C.",,http://catalogo.fi.uba.ar:8080/cgi-bin/koha/cataloguing/addbiblio.pl?biblionumber=9272#tab1XX
100,9280,"Hoüel, Jules",1823-1886,http://catalogo.fi.uba.ar:8080/cgi-bin/koha/cataloguing/addbiblio.pl?biblionumber=9280#tab1XX
700,9287,"Verbeeck, Dirk Valckx",,http://catalogo.fi.uba.ar:8080/cgi-bin/koha/cataloguing/addbiblio.pl?biblionumber=9287#tab7XX
700,9306,"Sabato, Jorge A.",,http://catalogo.fi.uba.ar:8080/cgi-bin/koha/cataloguing/addbiblio.pl?biblionumber=9306#tab7XX
100,9352,"Ferrari, R.",,http://catalogo.fi.uba.ar:8080/cgi-bin/koha/cataloguing/addbiblio.pl?biblionumber=9352#tab1XX
700,9355,Coopesing,,http://catalogo.fi.uba.ar:8080/cgi-bin/koha/cataloguing/addbiblio.pl?biblionumber=9355#tab7XX
700,9386,"García, Roberto",,http://catalogo.fi.uba.ar:8080/cgi-bin/koha/cataloguing/addbiblio.pl?biblionumber=9386#tab7XX
100,9415,"Kraus, John Daniel",1910-,http://catalogo.fi.uba.ar:8080/cgi-bin/koha/cataloguing/addbiblio.pl?biblionumber=9415#tab1XX
100,9416,"Kraus, John Daniel",1910-,http://catalogo.fi.uba.ar:8080/cgi-bin/koha/cataloguing/addbiblio.pl?biblionumber=9416#tab1XX
100,9420,"Gennes, Pierre Giles de",,http://catalogo.fi.uba.ar:8080/cgi-bin/koha/cataloguing/addbiblio.pl?biblionumber=9420#tab1XX
700,9560,"Hawley, Gessner Goodrich",1905-,http://catalogo.fi.uba.ar:8080/cgi-bin/koha/cataloguing/addbiblio.pl?biblionumber=9560#tab7XX
710,9580,Siemens-Schuckertwerke,,http://catalogo.fi.uba.ar:8080/cgi-bin/koha/cataloguing/addbiblio.pl?biblionumber=9580#tab7XX
100,9592,"Fontela, Carlos Moisés",,http://catalogo.fi.uba.ar:8080/cgi-bin/koha/cataloguing/addbiblio.pl?biblionumber=9592#tab1XX
100,9625,"Butty, Enrique",1887-,http://catalogo.fi.uba.ar:8080/cgi-bin/koha/cataloguing/addbiblio.pl?biblionumber=9625#tab1XX
100,9640,"Fontela, Carlos Moisés",,http://catalogo.fi.uba.ar:8080/cgi-bin/koha/cataloguing/addbiblio.pl?biblionumber=9640#tab1XX
100,9687,"González, Hernán",,http://catalogo.fi.uba.ar:8080/cgi-bin/koha/cataloguing/addbiblio.pl?biblionumber=9687#tab1XX
100,9751,"Kuffel, E.",,http://catalogo.fi.uba.ar:8080/cgi-bin/koha/cataloguing/addbiblio.pl?biblionumber=9751#tab1XX
710,9788,National Research Council,,http://catalogo.fi.uba.ar:8080/cgi-bin/koha/cataloguing/addbiblio.pl?biblionumber=9788#tab7XX
110,9952,Shell,,http://catalogo.fi.uba.ar:8080/cgi-bin/koha/cataloguing/addbiblio.pl?biblionumber=9952#tab1XX
110,10004,Siemens Aktiengesellschaft,,http://catalogo.fi.uba.ar:8080/cgi-bin/koha/cataloguing/addbiblio.pl?biblionumber=10004#tab1XX
100,10052,"Molloy, E.",,http://catalogo.fi.uba.ar:8080/cgi-bin/koha/cataloguing/addbiblio.pl?biblionumber=10052#tab1XX
110,10078,Shell Compañía Argentina de Petróleo,,http://catalogo.fi.uba.ar:8080/cgi-bin/koha/cataloguing/addbiblio.pl?biblionumber=10078#tab1XX
100,10133,"Ferrari Bono, Bruno V.",,http://catalogo.fi.uba.ar:8080/cgi-bin/koha/cataloguing/addbiblio.pl?biblionumber=10133#tab1XX
110,10209,Universidad de Buenos Aires,Facultad de Ingeniería,http://catalogo.fi.uba.ar:8080/cgi-bin/koha/cataloguing/addbiblio.pl?biblionumber=10209#tab1XX
100,10216,"Butty, Enrique",1887-,http://catalogo.fi.uba.ar:8080/cgi-bin/koha/cataloguing/addbiblio.pl?biblionumber=10216#tab1XX
100,10282,"Krenkel, T.",,http://catalogo.fi.uba.ar:8080/cgi-bin/koha/cataloguing/addbiblio.pl?biblionumber=10282#tab1XX
100,10283,"Krenkel, T.",,http://catalogo.fi.uba.ar:8080/cgi-bin/koha/cataloguing/addbiblio.pl?biblionumber=10283#tab1XX
650,10291,ESTRUCTURAS [CONSTRUCCION],,http://catalogo.fi.uba.ar:8080/cgi-bin/koha/cataloguing/addbiblio.pl?biblionumber=10291#tab6XX
650,10319,ESTRUCTURAS [CONSTRUCCION],,http://catalogo.fi.uba.ar:8080/cgi-bin/koha/cataloguing/addbiblio.pl?biblionumber=10319#tab6XX
650,10349,LABAORATORIOS DE ENSAYO,,http://catalogo.fi.uba.ar:8080/cgi-bin/koha/cataloguing/addbiblio.pl?biblionumber=10349#tab6XX
110,10357,Texas Instruments,,http://catalogo.fi.uba.ar:8080/cgi-bin/koha/cataloguing/addbiblio.pl?biblionumber=10357#tab1XX
110,10371,Siemens Aktiengesellschaft,,http://catalogo.fi.uba.ar:8080/cgi-bin/koha/cataloguing/addbiblio.pl?biblionumber=10371#tab1XX
110,10409,Siemens Aktiengesellschaft,,http://catalogo.fi.uba.ar:8080/cgi-bin/koha/cataloguing/addbiblio.pl?biblionumber=10409#tab1XX
110,10410,Siemens Aktiengesellschaft,,http://catalogo.fi.uba.ar:8080/cgi-bin/koha/cataloguing/addbiblio.pl?biblionumber=10410#tab1XX
650,11340,INNOVACION,,http://catalogo.fi.uba.ar:8080/cgi-bin/koha/cataloguing/addbiblio.pl?biblionumber=11340#tab6XX
700,11340,"Teitel, Simon, ",,http://catalogo.fi.uba.ar:8080/cgi-bin/koha/cataloguing/addbiblio.pl?biblionumber=11340#tab7XX
700,11340,"Westphal, Larry E., ",,http://catalogo.fi.uba.ar:8080/cgi-bin/koha/cataloguing/addbiblio.pl?biblionumber=11340#tab7XX
110,11503,Stone & Webster Engineering Corporation,,http://catalogo.fi.uba.ar:8080/cgi-bin/koha/cataloguing/addbiblio.pl?biblionumber=11503#tab1XX
100,11512,"Beer, Ferdinand B.",,http://catalogo.fi.uba.ar:8080/cgi-bin/koha/cataloguing/addbiblio.pl?biblionumber=11512#tab1XX
700,11539,"Cochran, William G.",,http://catalogo.fi.uba.ar:8080/cgi-bin/koha/cataloguing/addbiblio.pl?biblionumber=11539#tab7XX
100,11552,"Bunge, Alejandro E.",,http://catalogo.fi.uba.ar:8080/cgi-bin/koha/cataloguing/addbiblio.pl?biblionumber=11552#tab1XX
100,11557,"Rey Pastor, Julio, ",1888-1962,http://catalogo.fi.uba.ar:8080/cgi-bin/koha/cataloguing/addbiblio.pl?biblionumber=11557#tab1XX
650,11558,TAYLORISMO,,http://catalogo.fi.uba.ar:8080/cgi-bin/koha/cataloguing/addbiblio.pl?biblionumber=11558#tab6XX
650,11558,PRODUCCION EN CADENA,,http://catalogo.fi.uba.ar:8080/cgi-bin/koha/cataloguing/addbiblio.pl?biblionumber=11558#tab6XX
650,11560,HISTORIA DE LA EDUCACION,,http://catalogo.fi.uba.ar:8080/cgi-bin/koha/cataloguing/addbiblio.pl?biblionumber=11560#tab6XX
650,11560,CREACION DE INSTITUCIONES EDUCATIVAS,,http://catalogo.fi.uba.ar:8080/cgi-bin/koha/cataloguing/addbiblio.pl?biblionumber=11560#tab6XX
700,11560,"García, Juan Agustín, ",1862-1923,http://catalogo.fi.uba.ar:8080/cgi-bin/koha/cataloguing/addbiblio.pl?biblionumber=11560#tab7XX
650,11565,HISTORIA DE LA MEDICINA,,http://catalogo.fi.uba.ar:8080/cgi-bin/koha/cataloguing/addbiblio.pl?biblionumber=11565#tab6XX
650,11565,EPIDEMIAS,,http://catalogo.fi.uba.ar:8080/cgi-bin/koha/cataloguing/addbiblio.pl?biblionumber=11565#tab6XX
700,11568,"Cervantes, J., ",,http://catalogo.fi.uba.ar:8080/cgi-bin/koha/cataloguing/addbiblio.pl?biblionumber=11568#tab7XX
650,11573,COMBUSTIBLES LEÑOSOS,,http://catalogo.fi.uba.ar:8080/cgi-bin/koha/cataloguing/addbiblio.pl?biblionumber=11573#tab6XX
700,11577,"Molloy, Edward, ",,http://catalogo.fi.uba.ar:8080/cgi-bin/koha/cataloguing/addbiblio.pl?biblionumber=11577#tab7XX
700,11577,"Campbell, F. W., ",,http://catalogo.fi.uba.ar:8080/cgi-bin/koha/cataloguing/addbiblio.pl?biblionumber=11577#tab7XX
700,11577,"Law, T. A., ",,http://catalogo.fi.uba.ar:8080/cgi-bin/koha/cataloguing/addbiblio.pl?biblionumber=11577#tab7XX
700,11577,"Morris, L. F., ",,http://catalogo.fi.uba.ar:8080/cgi-bin/koha/cataloguing/addbiblio.pl?biblionumber=11577#tab7XX
700,11577,"Sinclair, A. T., ",,http://catalogo.fi.uba.ar:8080/cgi-bin/koha/cataloguing/addbiblio.pl?biblionumber=11577#tab7XX
700,11578,"Fazzini, H. F., ",,http://catalogo.fi.uba.ar:8080/cgi-bin/koha/cataloguing/addbiblio.pl?biblionumber=11578#tab7XX
100,11588,"Boyce, William E.",,http://catalogo.fi.uba.ar:8080/cgi-bin/koha/cataloguing/addbiblio.pl?biblionumber=11588#tab1XX
110,11616,SKF,,http://catalogo.fi.uba.ar:8080/cgi-bin/koha/cataloguing/addbiblio.pl?biblionumber=11616#tab1XX
110,11626,Argentina,Ministerio de Obras Públicas,http://catalogo.fi.uba.ar:8080/cgi-bin/koha/cataloguing/addbiblio.pl?biblionumber=11626#tab1XX
650,11627,ABOGADOS,,http://catalogo.fi.uba.ar:8080/cgi-bin/koha/cataloguing/addbiblio.pl?biblionumber=11627#tab6XX
650,11627,HOMENAJES,,http://catalogo.fi.uba.ar:8080/cgi-bin/koha/cataloguing/addbiblio.pl?biblionumber=11627#tab6XX
650,11628,HOMENAJES,,http://catalogo.fi.uba.ar:8080/cgi-bin/koha/cataloguing/addbiblio.pl?biblionumber=11628#tab6XX
100,11638,"Gandolfo, José S.",,http://catalogo.fi.uba.ar:8080/cgi-bin/koha/cataloguing/addbiblio.pl?biblionumber=11638#tab1XX
100,11647,"Butty, Enrique",1887-,http://catalogo.fi.uba.ar:8080/cgi-bin/koha/cataloguing/addbiblio.pl?biblionumber=11647#tab1XX
110,11683,SKF,,http://catalogo.fi.uba.ar:8080/cgi-bin/koha/cataloguing/addbiblio.pl?biblionumber=11683#tab1XX
650,11694,POETAS,,http://catalogo.fi.uba.ar:8080/cgi-bin/koha/cataloguing/addbiblio.pl?biblionumber=11694#tab6XX
650,11694,HOMENAJES,,http://catalogo.fi.uba.ar:8080/cgi-bin/koha/cataloguing/addbiblio.pl?biblionumber=11694#tab6XX
650,11701,HOMENAJES,,http://catalogo.fi.uba.ar:8080/cgi-bin/koha/cataloguing/addbiblio.pl?biblionumber=11701#tab6XX
650,11702,ASTROMETRIA,,http://catalogo.fi.uba.ar:8080/cgi-bin/koha/cataloguing/addbiblio.pl?biblionumber=11702#tab6XX
650,11702,EFEMERIDES,,http://catalogo.fi.uba.ar:8080/cgi-bin/koha/cataloguing/addbiblio.pl?biblionumber=11702#tab6XX
700,11715,"Ireson, William Grant",1914-,http://catalogo.fi.uba.ar:8080/cgi-bin/koha/cataloguing/addbiblio.pl?biblionumber=11715#tab7XX
700,11715,"Grant, Eugene Lodewick",1897-,http://catalogo.fi.uba.ar:8080/cgi-bin/koha/cataloguing/addbiblio.pl?biblionumber=11715#tab7XX
100,11861,"Rubio, Sanjuán",,http://catalogo.fi.uba.ar:8080/cgi-bin/koha/cataloguing/addbiblio.pl?biblionumber=11861#tab1XX
700,11864,"Dams, Alberto",,http://catalogo.fi.uba.ar:8080/cgi-bin/koha/cataloguing/addbiblio.pl?biblionumber=11864#tab7XX
700,11867,"Dams, Alberto",,http://catalogo.fi.uba.ar:8080/cgi-bin/koha/cataloguing/addbiblio.pl?biblionumber=11867#tab7XX
700,11870,"Dams, Alberto",,http://catalogo.fi.uba.ar:8080/cgi-bin/koha/cataloguing/addbiblio.pl?biblionumber=11870#tab7XX
700,11892,"Dams, Alberto",,http://catalogo.fi.uba.ar:8080/cgi-bin/koha/cataloguing/addbiblio.pl?biblionumber=11892#tab7XX
700,12065,"del Carril, Tomás",,http://catalogo.fi.uba.ar:8080/cgi-bin/koha/cataloguing/addbiblio.pl?biblionumber=12065#tab7XX
700,12082,"Alberto, Dams",,http://catalogo.fi.uba.ar:8080/cgi-bin/koha/cataloguing/addbiblio.pl?biblionumber=12082#tab7XX
100,12206,"López, Fernando",,http://catalogo.fi.uba.ar:8080/cgi-bin/koha/cataloguing/addbiblio.pl?biblionumber=12206#tab1XX
100,12310,"Samitier, Jorge",,http://catalogo.fi.uba.ar:8080/cgi-bin/koha/cataloguing/addbiblio.pl?biblionumber=12310#tab1XX
700,12426,"Armentano, Ricardo L.",,http://catalogo.fi.uba.ar:8080/cgi-bin/koha/cataloguing/addbiblio.pl?biblionumber=12426#tab7XX
700,12438,"Dams, Juan Alberto",,http://catalogo.fi.uba.ar:8080/cgi-bin/koha/cataloguing/addbiblio.pl?biblionumber=12438#tab7XX
700,12455,"García-Martínez, Ramón",,http://catalogo.fi.uba.ar:8080/cgi-bin/koha/cataloguing/addbiblio.pl?biblionumber=12455#tab7XX
700,12502,"Dams, Alberto Armando",,http://catalogo.fi.uba.ar:8080/cgi-bin/koha/cataloguing/addbiblio.pl?biblionumber=12502#tab7XX
100,12546,"Lew, Sergio E.",,http://catalogo.fi.uba.ar:8080/cgi-bin/koha/cataloguing/addbiblio.pl?biblionumber=12546#tab1XX
700,12548,"Armentano, Ricardo L.",,http://catalogo.fi.uba.ar:8080/cgi-bin/koha/cataloguing/addbiblio.pl?biblionumber=12548#tab7XX
700,12568,"Villagra, Sergio G.",,http://catalogo.fi.uba.ar:8080/cgi-bin/koha/cataloguing/addbiblio.pl?biblionumber=12568#tab7XX
700,12581,"Gurlekian, Jorge",,http://catalogo.fi.uba.ar:8080/cgi-bin/koha/cataloguing/addbiblio.pl?biblionumber=12581#tab7XX
700,12647,"Rufiner, Leonardo",,http://catalogo.fi.uba.ar:8080/cgi-bin/koha/cataloguing/addbiblio.pl?biblionumber=12647#tab7XX
700,12647,"Gurlekian, Jorge",,http://catalogo.fi.uba.ar:8080/cgi-bin/koha/cataloguing/addbiblio.pl?biblionumber=12647#tab7XX
700,12653,"Lew, Sergio E.",,http://catalogo.fi.uba.ar:8080/cgi-bin/koha/cataloguing/addbiblio.pl?biblionumber=12653#tab7XX
700,12665,"Dams, Alberto",,http://catalogo.fi.uba.ar:8080/cgi-bin/koha/cataloguing/addbiblio.pl?biblionumber=12665#tab7XX
700,12667,"Dams, Alberto",,http://catalogo.fi.uba.ar:8080/cgi-bin/koha/cataloguing/addbiblio.pl?biblionumber=12667#tab7XX
700,12669,"Lew, Sergio E.",,http://catalogo.fi.uba.ar:8080/cgi-bin/koha/cataloguing/addbiblio.pl?biblionumber=12669#tab7XX
700,12670,"Lew, Sergio E.",,http://catalogo.fi.uba.ar:8080/cgi-bin/koha/cataloguing/addbiblio.pl?biblionumber=12670#tab7XX
700,12674,"Lew, Sergio E.",,http://catalogo.fi.uba.ar:8080/cgi-bin/koha/cataloguing/addbiblio.pl?biblionumber=12674#tab7XX
700,12680,"Rufiner, Leonardo",,http://catalogo.fi.uba.ar:8080/cgi-bin/koha/cataloguing/addbiblio.pl?biblionumber=12680#tab7XX
700,12681,"Dams, Alberto",,http://catalogo.fi.uba.ar:8080/cgi-bin/koha/cataloguing/addbiblio.pl?biblionumber=12681#tab7XX
700,12683,"Cassanello, Miryan C.",,http://catalogo.fi.uba.ar:8080/cgi-bin/koha/cataloguing/addbiblio.pl?biblionumber=12683#tab7XX
700,12685,"Mártire, Daniel",,http://catalogo.fi.uba.ar:8080/cgi-bin/koha/cataloguing/addbiblio.pl?biblionumber=12685#tab7XX
700,12687,"Lew, Sergio E.",,http://catalogo.fi.uba.ar:8080/cgi-bin/koha/cataloguing/addbiblio.pl?biblionumber=12687#tab7XX
700,12700,"Dams, Alberto",,http://catalogo.fi.uba.ar:8080/cgi-bin/koha/cataloguing/addbiblio.pl?biblionumber=12700#tab7XX
700,12703,"Dams, Alberto",,http://catalogo.fi.uba.ar:8080/cgi-bin/koha/cataloguing/addbiblio.pl?biblionumber=12703#tab7XX
700,12705,"Dams, Alberto",,http://catalogo.fi.uba.ar:8080/cgi-bin/koha/cataloguing/addbiblio.pl?biblionumber=12705#tab7XX
700,12707,"Dams, Alberto",,http://catalogo.fi.uba.ar:8080/cgi-bin/koha/cataloguing/addbiblio.pl?biblionumber=12707#tab7XX
700,12714,"Giribet, Juan Ingacio",,http://catalogo.fi.uba.ar:8080/cgi-bin/koha/cataloguing/addbiblio.pl?biblionumber=12714#tab7XX
700,12718,"Lew, Sergio E.",,http://catalogo.fi.uba.ar:8080/cgi-bin/koha/cataloguing/addbiblio.pl?biblionumber=12718#tab7XX
700,12732,"Dams, Alberto",,http://catalogo.fi.uba.ar:8080/cgi-bin/koha/cataloguing/addbiblio.pl?biblionumber=12732#tab7XX
700,12735,"Ulla, M. Alicia H.",,http://catalogo.fi.uba.ar:8080/cgi-bin/koha/cataloguing/addbiblio.pl?biblionumber=12735#tab7XX
700,12744,"Dams, Alberto",,http://catalogo.fi.uba.ar:8080/cgi-bin/koha/cataloguing/addbiblio.pl?biblionumber=12744#tab7XX
700,12754,"Della Maggiore, Valeria",,http://catalogo.fi.uba.ar:8080/cgi-bin/koha/cataloguing/addbiblio.pl?biblionumber=12754#tab7XX
700,12760,"Lutemberg, Ariel",,http://catalogo.fi.uba.ar:8080/cgi-bin/koha/cataloguing/addbiblio.pl?biblionumber=12760#tab7XX
100,12799,"Faure, Robert",1918-1962,http://catalogo.fi.uba.ar:8080/cgi-bin/koha/cataloguing/addbiblio.pl?biblionumber=12799#tab1XX
100,12815,"Schleifer, Arthur, Jr.",,http://catalogo.fi.uba.ar:8080/cgi-bin/koha/cataloguing/addbiblio.pl?biblionumber=12815#tab1XX
650,12816,TECNICAS DE PREVISION,,http://catalogo.fi.uba.ar:8080/cgi-bin/koha/cataloguing/addbiblio.pl?biblionumber=12816#tab6XX
700,12836,"Pérez Castellanos, Hernán",,http://catalogo.fi.uba.ar:8080/cgi-bin/koha/cataloguing/addbiblio.pl?biblionumber=12836#tab7XX
700,12848,"González Aragüena, Enrique",,http://catalogo.fi.uba.ar:8080/cgi-bin/koha/cataloguing/addbiblio.pl?biblionumber=12848#tab7XX
700,12895,"Rodríguez Bayraguet, A.",,http://catalogo.fi.uba.ar:8080/cgi-bin/koha/cataloguing/addbiblio.pl?biblionumber=12895#tab7XX
700,12907,"Morineau, Alain",,http://catalogo.fi.uba.ar:8080/cgi-bin/koha/cataloguing/addbiblio.pl?biblionumber=12907#tab7XX
700,12928,"Vívori, Ana",,http://catalogo.fi.uba.ar:8080/cgi-bin/koha/cataloguing/addbiblio.pl?biblionumber=12928#tab7XX
700,12945,"García Bisogmo, Virgilio",,http://catalogo.fi.uba.ar:8080/cgi-bin/koha/cataloguing/addbiblio.pl?biblionumber=12945#tab7XX
650,12952,DISEÑO DEL PUESTO DE TRABAJO,,http://catalogo.fi.uba.ar:8080/cgi-bin/koha/cataloguing/addbiblio.pl?biblionumber=12952#tab6XX
650,12952,SALUD MENTAL,,http://catalogo.fi.uba.ar:8080/cgi-bin/koha/cataloguing/addbiblio.pl?biblionumber=12952#tab6XX
650,12953,VENENOS INDUSTRIALES,,http://catalogo.fi.uba.ar:8080/cgi-bin/koha/cataloguing/addbiblio.pl?biblionumber=12953#tab6XX
650,12953,TOXICOLOGIA DE LOS MEDICAMENTOS,,http://catalogo.fi.uba.ar:8080/cgi-bin/koha/cataloguing/addbiblio.pl?biblionumber=12953#tab6XX
650,12953,ANIMALES VENENOSOS,,http://catalogo.fi.uba.ar:8080/cgi-bin/koha/cataloguing/addbiblio.pl?biblionumber=12953#tab6XX
650,12953,PLANTA TOXICAS,,http://catalogo.fi.uba.ar:8080/cgi-bin/koha/cataloguing/addbiblio.pl?biblionumber=12953#tab6XX
650,12954,APARATO RESPIRATORIO,,http://catalogo.fi.uba.ar:8080/cgi-bin/koha/cataloguing/addbiblio.pl?biblionumber=12954#tab6XX
700,12963,"Naves Ruiz, Juan",,http://catalogo.fi.uba.ar:8080/cgi-bin/koha/cataloguing/addbiblio.pl?biblionumber=12963#tab7XX
650,12970,EVALUACIACION DEL RIESGO,,http://catalogo.fi.uba.ar:8080/cgi-bin/koha/cataloguing/addbiblio.pl?biblionumber=12970#tab6XX
650,12975,SALUD MENTAL,,http://catalogo.fi.uba.ar:8080/cgi-bin/koha/cataloguing/addbiblio.pl?biblionumber=12975#tab6XX
650,12979,AUDITORIA AMBIENTAL,,http://catalogo.fi.uba.ar:8080/cgi-bin/koha/cataloguing/addbiblio.pl?biblionumber=12979#tab6XX
650,12980,BIOLOGIA ACUATICA,,http://catalogo.fi.uba.ar:8080/cgi-bin/koha/cataloguing/addbiblio.pl?biblionumber=12980#tab6XX
650,12983,RESIDUOS PELIGROSOS,,http://catalogo.fi.uba.ar:8080/cgi-bin/koha/cataloguing/addbiblio.pl?biblionumber=12983#tab6XX
700,12983,"Aguado Alonso, J.",,http://catalogo.fi.uba.ar:8080/cgi-bin/koha/cataloguing/addbiblio.pl?biblionumber=12983#tab7XX
650,12985,CONTAMINACION RADIACTIVA,,http://catalogo.fi.uba.ar:8080/cgi-bin/koha/cataloguing/addbiblio.pl?biblionumber=12985#tab6XX
650,12988,PROTECCION AMBIENTAL,,http://catalogo.fi.uba.ar:8080/cgi-bin/koha/cataloguing/addbiblio.pl?biblionumber=12988#tab6XX
650,12989,ORGANISMOS GUBERNAMENTALES,,http://catalogo.fi.uba.ar:8080/cgi-bin/koha/cataloguing/addbiblio.pl?biblionumber=12989#tab6XX
650,12990,SALUD AMBIENTAL,,http://catalogo.fi.uba.ar:8080/cgi-bin/koha/cataloguing/addbiblio.pl?biblionumber=12990#tab6XX
700,13003,"Carvin, W. J.",,http://catalogo.fi.uba.ar:8080/cgi-bin/koha/cataloguing/addbiblio.pl?biblionumber=13003#tab7XX
700,13003,"Dore, E.",,http://catalogo.fi.uba.ar:8080/cgi-bin/koha/cataloguing/addbiblio.pl?biblionumber=13003#tab7XX
700,13003,"Franklin, P.",,http://catalogo.fi.uba.ar:8080/cgi-bin/koha/cataloguing/addbiblio.pl?biblionumber=13003#tab7XX
700,13003,"Hartil, J.",,http://catalogo.fi.uba.ar:8080/cgi-bin/koha/cataloguing/addbiblio.pl?biblionumber=13003#tab7XX
700,13003,"Leworthy, L.R.",,http://catalogo.fi.uba.ar:8080/cgi-bin/koha/cataloguing/addbiblio.pl?biblionumber=13003#tab7XX
700,13003,"Sanderson Watts, W.M.",,http://catalogo.fi.uba.ar:8080/cgi-bin/koha/cataloguing/addbiblio.pl?biblionumber=13003#tab7XX
700,13003,"Sullivan, P.J.E.",,http://catalogo.fi.uba.ar:8080/cgi-bin/koha/cataloguing/addbiblio.pl?biblionumber=13003#tab7XX
710,13016,Universidad de Buenos Aires,Facultad de Ciencias Económicas,http://catalogo.fi.uba.ar:8080/cgi-bin/koha/cataloguing/addbiblio.pl?biblionumber=13016#tab7XX
700,13016,"López Alfaro, Sonia O,",,http://catalogo.fi.uba.ar:8080/cgi-bin/koha/cataloguing/addbiblio.pl?biblionumber=13016#tab7XX
100,13033,"Gayakwad, Ramakant A.",,http://catalogo.fi.uba.ar:8080/cgi-bin/koha/cataloguing/addbiblio.pl?biblionumber=13033#tab1XX
100,13035,"Chen, Wai-Kai",1936-,http://catalogo.fi.uba.ar:8080/cgi-bin/koha/cataloguing/addbiblio.pl?biblionumber=13035#tab1XX
710,13037,Telia,,http://catalogo.fi.uba.ar:8080/cgi-bin/koha/cataloguing/addbiblio.pl?biblionumber=13037#tab7XX
100,13038,"Pagel, Sigfredo F.",,http://catalogo.fi.uba.ar:8080/cgi-bin/koha/cataloguing/addbiblio.pl?biblionumber=13038#tab1XX
700,13040,"Redheffer, Raymond M.",,http://catalogo.fi.uba.ar:8080/cgi-bin/koha/cataloguing/addbiblio.pl?biblionumber=13040#tab7XX
700,13043,"Pro Bermejo, Rafael",,http://catalogo.fi.uba.ar:8080/cgi-bin/koha/cataloguing/addbiblio.pl?biblionumber=13043#tab7XX
110,13045,"Argentina. Leyes, decretos, etc.",,http://catalogo.fi.uba.ar:8080/cgi-bin/koha/cataloguing/addbiblio.pl?biblionumber=13045#tab1XX
700,13046,"Hidalgo Mondragón, Consuelo",,http://catalogo.fi.uba.ar:8080/cgi-bin/koha/cataloguing/addbiblio.pl?biblionumber=13046#tab7XX
700,13046,"Cruz Sosa, Francisco",,http://catalogo.fi.uba.ar:8080/cgi-bin/koha/cataloguing/addbiblio.pl?biblionumber=13046#tab7XX
100,13048,"Hoüel, Jules",1823-1886,http://catalogo.fi.uba.ar:8080/cgi-bin/koha/cataloguing/addbiblio.pl?biblionumber=13048#tab1XX
100,13049,"Hoüel, Jules",1823-1886,http://catalogo.fi.uba.ar:8080/cgi-bin/koha/cataloguing/addbiblio.pl?biblionumber=13049#tab1XX
100,13053,"Wylie, Clarence Raymond",1911-,http://catalogo.fi.uba.ar:8080/cgi-bin/koha/cataloguing/addbiblio.pl?biblionumber=13053#tab1XX
700,13054,"Luque, Susana de",,http://catalogo.fi.uba.ar:8080/cgi-bin/koha/cataloguing/addbiblio.pl?biblionumber=13054#tab7XX
700,13054,"Giardina, Mónica",,http://catalogo.fi.uba.ar:8080/cgi-bin/koha/cataloguing/addbiblio.pl?biblionumber=13054#tab7XX
700,13054,"Gutiérrez, Antonio",,http://catalogo.fi.uba.ar:8080/cgi-bin/koha/cataloguing/addbiblio.pl?biblionumber=13054#tab7XX
700,13054,"García, María Cristina",,http://catalogo.fi.uba.ar:8080/cgi-bin/koha/cataloguing/addbiblio.pl?biblionumber=13054#tab7XX
700,13054,"Laso, Eduardo",,http://catalogo.fi.uba.ar:8080/cgi-bin/koha/cataloguing/addbiblio.pl?biblionumber=13054#tab7XX
700,13054,"Moralejo, Enrique",,http://catalogo.fi.uba.ar:8080/cgi-bin/koha/cataloguing/addbiblio.pl?biblionumber=13054#tab7XX
700,13054,"Pardo, Rubén H.",,http://catalogo.fi.uba.ar:8080/cgi-bin/koha/cataloguing/addbiblio.pl?biblionumber=13054#tab7XX
700,13054,"Rivera, Silvia",,http://catalogo.fi.uba.ar:8080/cgi-bin/koha/cataloguing/addbiblio.pl?biblionumber=13054#tab7XX
700,13054,"Samaja, Juan",,http://catalogo.fi.uba.ar:8080/cgi-bin/koha/cataloguing/addbiblio.pl?biblionumber=13054#tab7XX
700,13055,"Tagarro Merino, María Elena",,http://catalogo.fi.uba.ar:8080/cgi-bin/koha/cataloguing/addbiblio.pl?biblionumber=13055#tab7XX
700,13055,"Fuente Millán, Luis Alberto de la",,http://catalogo.fi.uba.ar:8080/cgi-bin/koha/cataloguing/addbiblio.pl?biblionumber=13055#tab7XX
700,13055,"Pillado Ortiz, José María",,http://catalogo.fi.uba.ar:8080/cgi-bin/koha/cataloguing/addbiblio.pl?biblionumber=13055#tab7XX
100,13056,"Blatt, Frank J.",,http://catalogo.fi.uba.ar:8080/cgi-bin/koha/cataloguing/addbiblio.pl?biblionumber=13056#tab1XX
650,13057,SERIES^[MATEMATICAS],,http://catalogo.fi.uba.ar:8080/cgi-bin/koha/cataloguing/addbiblio.pl?biblionumber=13057#tab6XX
700,13058,"Keller, Kevin Lane",,http://catalogo.fi.uba.ar:8080/cgi-bin/koha/cataloguing/addbiblio.pl?biblionumber=13058#tab7XX
700,13058,"Rivera, Clara E.",,http://catalogo.fi.uba.ar:8080/cgi-bin/koha/cataloguing/addbiblio.pl?biblionumber=13058#tab7XX
700,13058,"Dávila Ruiz, Diana",,http://catalogo.fi.uba.ar:8080/cgi-bin/koha/cataloguing/addbiblio.pl?biblionumber=13058#tab7XX
700,13058,"Tena Loeza, Estela",,http://catalogo.fi.uba.ar:8080/cgi-bin/koha/cataloguing/addbiblio.pl?biblionumber=13058#tab7XX
700,13058,"Ramos, María de los Angeles",,http://catalogo.fi.uba.ar:8080/cgi-bin/koha/cataloguing/addbiblio.pl?biblionumber=13058#tab7XX
700,13058,"Sciarroni, Roberto",,http://catalogo.fi.uba.ar:8080/cgi-bin/koha/cataloguing/addbiblio.pl?biblionumber=13058#tab7XX
700,13058,"Davison, Kurt Kiessling",,http://catalogo.fi.uba.ar:8080/cgi-bin/koha/cataloguing/addbiblio.pl?biblionumber=13058#tab7XX
100,13059,"Pérez Carmona, Rafael",,http://catalogo.fi.uba.ar:8080/cgi-bin/koha/cataloguing/addbiblio.pl?biblionumber=13059#tab1XX
700,13062,"Skoog, Douglas Arvid",1918-,http://catalogo.fi.uba.ar:8080/cgi-bin/koha/cataloguing/addbiblio.pl?biblionumber=13062#tab7XX
700,13062,"Turiel Trujillo, Esther",,http://catalogo.fi.uba.ar:8080/cgi-bin/koha/cataloguing/addbiblio.pl?biblionumber=13062#tab7XX
700,13062,"Moreno Falcón, Eva",,http://catalogo.fi.uba.ar:8080/cgi-bin/koha/cataloguing/addbiblio.pl?biblionumber=13062#tab7XX
100,13066,"Hartree, Douglas R.",1897-1958,http://catalogo.fi.uba.ar:8080/cgi-bin/koha/cataloguing/addbiblio.pl?biblionumber=13066#tab1XX
650,13066,INTEGRACION NUMERICA,,http://catalogo.fi.uba.ar:8080/cgi-bin/koha/cataloguing/addbiblio.pl?biblionumber=13066#tab6XX
100,13068,"Jaime, Valentín",,http://catalogo.fi.uba.ar:8080/cgi-bin/koha/cataloguing/addbiblio.pl?biblionumber=13068#tab1XX
700,13068,"Alvarez, Julio",,http://catalogo.fi.uba.ar:8080/cgi-bin/koha/cataloguing/addbiblio.pl?biblionumber=13068#tab7XX
100,13204,"Sears, Francis Weston,",1898-1975.,http://catalogo.fi.uba.ar:8080/cgi-bin/koha/cataloguing/addbiblio.pl?biblionumber=13204#tab1XX
110,13207,"Argentina. Leyes, decretos, etc.",,http://catalogo.fi.uba.ar:8080/cgi-bin/koha/cataloguing/addbiblio.pl?biblionumber=13207#tab1XX
100,13469,"Carisimo, Esteban",,http://catalogo.fi.uba.ar:8080/cgi-bin/koha/cataloguing/addbiblio.pl?biblionumber=13469#tab1XX
700,13469,"Alvarez-Hamelin, J. I.",,http://catalogo.fi.uba.ar:8080/cgi-bin/koha/cataloguing/addbiblio.pl?biblionumber=13469#tab7XX
700,13470,"Lutemberg, Ariel",,http://catalogo.fi.uba.ar:8080/cgi-bin/koha/cataloguing/addbiblio.pl?biblionumber=13470#tab7XX
700,13470,"Rey Vega, Leonardo",,http://catalogo.fi.uba.ar:8080/cgi-bin/koha/cataloguing/addbiblio.pl?biblionumber=13470#tab7XX
100,13471,"Levi Hadid, Lucas",,http://catalogo.fi.uba.ar:8080/cgi-bin/koha/cataloguing/addbiblio.pl?biblionumber=13471#tab1XX
700,13471,"Galarza, Cecilia",,http://catalogo.fi.uba.ar:8080/cgi-bin/koha/cataloguing/addbiblio.pl?biblionumber=13471#tab7XX
100,13472,"Cuomo, Joaquin M.",,http://catalogo.fi.uba.ar:8080/cgi-bin/koha/cataloguing/addbiblio.pl?biblionumber=13472#tab1XX
700,13472,"Zanutto, Silvano",,http://catalogo.fi.uba.ar:8080/cgi-bin/koha/cataloguing/addbiblio.pl?biblionumber=13472#tab7XX
700,13472,"Schilling, Mainhard",,http://catalogo.fi.uba.ar:8080/cgi-bin/koha/cataloguing/addbiblio.pl?biblionumber=13472#tab7XX
700,13472,"Arini, Pedro",,http://catalogo.fi.uba.ar:8080/cgi-bin/koha/cataloguing/addbiblio.pl?biblionumber=13472#tab7XX
700,13472,"Caiafa, César",,http://catalogo.fi.uba.ar:8080/cgi-bin/koha/cataloguing/addbiblio.pl?biblionumber=13472#tab7XX
700,13472,"Yorio, Alberto",,http://catalogo.fi.uba.ar:8080/cgi-bin/koha/cataloguing/addbiblio.pl?biblionumber=13472#tab7XX
650,13737,Computer software,,http://catalogo.fi.uba.ar:8080/cgi-bin/koha/cataloguing/addbiblio.pl?biblionumber=13737#tab6XX
650,13790,Competition.,,http://catalogo.fi.uba.ar:8080/cgi-bin/koha/cataloguing/addbiblio.pl?biblionumber=13790#tab6XX
650,13790,Market segmentation.,,http://catalogo.fi.uba.ar:8080/cgi-bin/koha/cataloguing/addbiblio.pl?biblionumber=13790#tab6XX
650,13790,Quality of products.,,http://catalogo.fi.uba.ar:8080/cgi-bin/koha/cataloguing/addbiblio.pl?biblionumber=13790#tab6XX
650,13790,Customer services.,,http://catalogo.fi.uba.ar:8080/cgi-bin/koha/cataloguing/addbiblio.pl?biblionumber=13790#tab6XX
650,13791,Strategic planning.,,http://catalogo.fi.uba.ar:8080/cgi-bin/koha/cataloguing/addbiblio.pl?biblionumber=13791#tab6XX
650,13791,Intangible property,,http://catalogo.fi.uba.ar:8080/cgi-bin/koha/cataloguing/addbiblio.pl?biblionumber=13791#tab6XX
650,13791,Human capital.,,http://catalogo.fi.uba.ar:8080/cgi-bin/koha/cataloguing/addbiblio.pl?biblionumber=13791#tab6XX
650,13791,Management.,,http://catalogo.fi.uba.ar:8080/cgi-bin/koha/cataloguing/addbiblio.pl?biblionumber=13791#tab6XX
650,13795,ESTRUCTURAS [CONSTRUCCION],,http://catalogo.fi.uba.ar:8080/cgi-bin/koha/cataloguing/addbiblio.pl?biblionumber=13795#tab6XX
650,13797,Selling.,,http://catalogo.fi.uba.ar:8080/cgi-bin/koha/cataloguing/addbiblio.pl?biblionumber=13797#tab6XX
650,13797,Sales management.,,http://catalogo.fi.uba.ar:8080/cgi-bin/koha/cataloguing/addbiblio.pl?biblionumber=13797#tab6XX
650,13798,Selling,,http://catalogo.fi.uba.ar:8080/cgi-bin/koha/cataloguing/addbiblio.pl?biblionumber=13798#tab6XX
650,13810,Success,,http://catalogo.fi.uba.ar:8080/cgi-bin/koha/cataloguing/addbiblio.pl?biblionumber=13810#tab6XX
650,13810,Character.,,http://catalogo.fi.uba.ar:8080/cgi-bin/koha/cataloguing/addbiblio.pl?biblionumber=13810#tab6XX
650,13812,Information technology,,http://catalogo.fi.uba.ar:8080/cgi-bin/koha/cataloguing/addbiblio.pl?biblionumber=13812#tab6XX
650,13812,Information society.,,http://catalogo.fi.uba.ar:8080/cgi-bin/koha/cataloguing/addbiblio.pl?biblionumber=13812#tab6XX
110,13843,"Argentina. Leyes, decretos, etc.",,http://catalogo.fi.uba.ar:8080/cgi-bin/koha/cataloguing/addbiblio.pl?biblionumber=13843#tab1XX
110,13844,"Argentina. Leyes, decretos, etc.",,http://catalogo.fi.uba.ar:8080/cgi-bin/koha/cataloguing/addbiblio.pl?biblionumber=13844#tab1XX
700,13939,"Sabato, Jorge A.",,http://catalogo.fi.uba.ar:8080/cgi-bin/koha/cataloguing/addbiblio.pl?biblionumber=13939#tab7XX
700,13940,"Sabato, Jorge A.",,http://catalogo.fi.uba.ar:8080/cgi-bin/koha/cataloguing/addbiblio.pl?biblionumber=13940#tab7XX
700,14111,"Martínez García, Guillermo",,http://catalogo.fi.uba.ar:8080/cgi-bin/koha/cataloguing/addbiblio.pl?biblionumber=14111#tab7XX
100,14398,"Vian Ortuño, Angel",,http://catalogo.fi.uba.ar:8080/cgi-bin/koha/cataloguing/addbiblio.pl?biblionumber=14398#tab1XX
100,14459,"Howell, John R.",,http://catalogo.fi.uba.ar:8080/cgi-bin/koha/cataloguing/addbiblio.pl?biblionumber=14459#tab1XX
650,14459,Termodinámica.,,http://catalogo.fi.uba.ar:8080/cgi-bin/koha/cataloguing/addbiblio.pl?biblionumber=14459#tab6XX
650,14459,Ingeniería mecánica.,,http://catalogo.fi.uba.ar:8080/cgi-bin/koha/cataloguing/addbiblio.pl?biblionumber=14459#tab6XX
700,14459,"Buckius, Richard O.",,http://catalogo.fi.uba.ar:8080/cgi-bin/koha/cataloguing/addbiblio.pl?biblionumber=14459#tab7XX
110,14472,España.,Ministerio de Ciencia y Tecnología.,http://catalogo.fi.uba.ar:8080/cgi-bin/koha/cataloguing/addbiblio.pl?biblionumber=14472#tab1XX
650,14472,Envases a presión,,http://catalogo.fi.uba.ar:8080/cgi-bin/koha/cataloguing/addbiblio.pl?biblionumber=14472#tab6XX
700,14487,"Guerasimov, Ya.",,http://catalogo.fi.uba.ar:8080/cgi-bin/koha/cataloguing/addbiblio.pl?biblionumber=14487#tab7XX
100,14489,"Deutsch, Irving",,http://catalogo.fi.uba.ar:8080/cgi-bin/koha/cataloguing/addbiblio.pl?biblionumber=14489#tab1XX
700,14489,"Ródenas, Alberto",,http://catalogo.fi.uba.ar:8080/cgi-bin/koha/cataloguing/addbiblio.pl?biblionumber=14489#tab7XX
100,14582,"Kyle, B. G.",1927-,http://catalogo.fi.uba.ar:8080/cgi-bin/koha/cataloguing/addbiblio.pl?biblionumber=14582#tab1XX
650,14582,Thermodynamics.,,http://catalogo.fi.uba.ar:8080/cgi-bin/koha/cataloguing/addbiblio.pl?biblionumber=14582#tab6XX
100,14587,"Huber, Walter,",1928-,http://catalogo.fi.uba.ar:8080/cgi-bin/koha/cataloguing/addbiblio.pl?biblionumber=14587#tab1XX
650,14587,Disolventes no acuosos.,,http://catalogo.fi.uba.ar:8080/cgi-bin/koha/cataloguing/addbiblio.pl?biblionumber=14587#tab6XX
650,14587,Análisis volumétrico.,,http://catalogo.fi.uba.ar:8080/cgi-bin/koha/cataloguing/addbiblio.pl?biblionumber=14587#tab6XX
100,14663,"García Merayo, Félix.",,http://catalogo.fi.uba.ar:8080/cgi-bin/koha/cataloguing/addbiblio.pl?biblionumber=14663#tab1XX
700,14663,"Nevot Luna, Antonio.",,http://catalogo.fi.uba.ar:8080/cgi-bin/koha/cataloguing/addbiblio.pl?biblionumber=14663#tab7XX
100,14665,"Sierra Bravo, Restituto.",,http://catalogo.fi.uba.ar:8080/cgi-bin/koha/cataloguing/addbiblio.pl?biblionumber=14665#tab1XX
650,14665,Statistics,,http://catalogo.fi.uba.ar:8080/cgi-bin/koha/cataloguing/addbiblio.pl?biblionumber=14665#tab6XX
100,14676,"Majaro, Simón.",,http://catalogo.fi.uba.ar:8080/cgi-bin/koha/cataloguing/addbiblio.pl?biblionumber=14676#tab1XX
100,14722,"Cantarow, Abraham,",1901-,http://catalogo.fi.uba.ar:8080/cgi-bin/koha/cataloguing/addbiblio.pl?biblionumber=14722#tab1XX
650,14722,Biochemistry.,,http://catalogo.fi.uba.ar:8080/cgi-bin/koha/cataloguing/addbiblio.pl?biblionumber=14722#tab6XX
700,14722,"Schepartz, Bernard,",,http://catalogo.fi.uba.ar:8080/cgi-bin/koha/cataloguing/addbiblio.pl?biblionumber=14722#tab7XX
100,15397,"Schechter, Robert Samuel.",,http://catalogo.fi.uba.ar:8080/cgi-bin/koha/cataloguing/addbiblio.pl?biblionumber=15397#tab1XX
100,15402,"Russell, T. W. F.,",1934-,http://catalogo.fi.uba.ar:8080/cgi-bin/koha/cataloguing/addbiblio.pl?biblionumber=15402#tab1XX
700,15402,"Denn, Morton M.,",1939-,http://catalogo.fi.uba.ar:8080/cgi-bin/koha/cataloguing/addbiblio.pl?biblionumber=15402#tab7XX
700,15926,"Ireson, William Grant",1914-,http://catalogo.fi.uba.ar:8080/cgi-bin/koha/cataloguing/addbiblio.pl?biblionumber=15926#tab7XX
700,15926,"Grant, Eugene Lodewick",1897-,http://catalogo.fi.uba.ar:8080/cgi-bin/koha/cataloguing/addbiblio.pl?biblionumber=15926#tab7XX
710,16099,Netscape Communications Corporation.,,http://catalogo.fi.uba.ar:8080/cgi-bin/koha/cataloguing/addbiblio.pl?biblionumber=16099#tab7XX
710,16100,Arthur Andersen (Firm),,http://catalogo.fi.uba.ar:8080/cgi-bin/koha/cataloguing/addbiblio.pl?biblionumber=16100#tab7XX
